"","sub","cond","pse"
"1","m","UV",0.14174303928698
"2","m","UB",-0.0188968487632462
"3","m","IV",-0.100787348172565
"4","m","IB",-0.117583050379771
