"","sub","cond","pse"
"1","j","UV",0.0507595337096729
"2","j","UB",0.100432572637575
"3","j","IV",0.0317618881769394
"4","j","IB",-0.113783001242057
