"","sub","cond","pse"
"1","p","UV",0.0434164872121668
"2","p","UB",-0.10005968633931
"3","p","IV",-0.234194605016895
"4","p","IB",-0.0838134991965414
