"","sub","cond","pse"
"1","c","UV",0.0369628489286121
"2","c","UB",0.00623544839973815
"3","c","IV",-0.219958857204517
"4","c","IB",-0.092959689963677
