"","sub","cond","pse"
"1","h","UV",-0.0062354483997383
"2","h","UB",0.0359168550515924
"3","h","IV",-0.0797916747352522
"4","h","IB",-0.0795071495041029
