"","sub","cond","pse"
"1","q","UV",0.0635685941782565
"2","q","UB",-0.0320689504357404
"3","q","IV",-0.157368182974674
"4","q","IB",-0.050032006099095
