"","sub","cond","pse"
"1","g","UV",-0.00646493442454947
"2","g","UB",-0.00664937255523414
"3","g","IV",-0.136895819771235
"4","g","IB",-0.0838134991965411
