"","sub","cond","pse"
"1","i","UV",-0.0141298819883305
"2","i","UB",0.00534087879989531
"3","i","IV",-0.146775724225455
"4","i","IB",-0.0125993877989203
