"","sub","cond","pse"
"1","b","UV",0.150172384279503
"2","b","UB",-0.0375375929179124
"3","b","IV",-0.234451219321466
"4","b","IB",-0.0118407389201797
