"","sub","cond","pse"
"1","e","UV",0.273137994320061
"2","e","UB",0.0129284032163059
"3","e","IV",-0.184643593826771
"4","e","IB",-0.0940009382979992
