"","sub","cond","pse"
"1","o","UV",0.121283692108396
"2","o","UB",0.0445696476617662
"3","o","IV",-0.166247249197926
"4","o","IB",-0.0700916958655047
