"","sub","cond","pse"
"1","l","UV",0.151653406065568
"2","l","UB",-0.0061617658019867
"3","l","IV",-0.341935035087217
"4","l","IB",-0.141939197318804
