"","sub","cond","pse"
"1","a","UV",0.239703841254325
"2","a","UB",-0.0127527560484398
"3","a","IV",-0.0789828568051147
"4","a","IB",-0.0250328261884817
