"","sub","cond","pse"
"1","d","UV",-0.0320689504357396
"2","d","UB",0.0206826977719712
"3","d","IV",-0.0315748629343418
"4","d","IB",-0.0800141107257222
