"","sub","cond","pse"
"1","n","UV",0.15637648779261
"2","n","UB",0.044053065236181
"3","n","IV",-0.107243294667716
"4","n","IB",-0.0678584835370111
