"","sub","cond","pse"
"1","r","UV",0.116199850740436
"2","r","UB",-0.00119407935419615
"3","r","IV",-0.205754272961491
"4","r","IB",0.0124703517790408
